executor,variant,profiles,valid,coverage,failure_aware_micro_f1,failure_aware_precision,failure_aware_recall,valid_answer_micro_f1,input_tokens_mean_known,output_tokens_total,output_tokens_mean_known,latency_mean_seconds,latency_p90_seconds,paired_extra_input_tokens_mean_known,paired_extra_output_tokens_total,paired_extra_output_tokens_mean_known,paired_extra_latency_mean_seconds
qwen3.8:27b/off,naive,192,192,1.0,0.7701582516955539,0.7470760233918129,0.7947122861586314,0.7701582516955539,2412.8385416666665,10960,57.083333333333336,0.9187219653541666,1.45721598,0.0,0,0.0,0.0
qwen3.8:27b/off,output_scaffold,192,192,1.0,0.802930402930403,0.7590027700831025,0.8522550544323484,0.802930402930403,2476.8385416666665,119813,624.0260416666666,4.05846468075,4.758553506,64.0,108853,566.9427083333334,3.1397427153958333
qwen3.8:27b/off,structured_inventory,192,192,1.0,0.7688821752265861,0.7474302496328928,0.7916018662519441,0.7688821752265861,2624.5260416666665,10810,56.302083333333336,1.1504185081197915,1.618761497,211.6875,-150,-0.78125,0.23169654276562499
qwen3.8:27b/off,schema_enum,192,192,1.0,0.7679516250944822,0.7470588235294118,0.7900466562986003,0.7679516250944822,2412.8385416666665,10915,56.848958333333336,0.8814260333125,1.308617022,0.0,-45,-0.234375,-0.037295932041666674
qwen3.8:27b/off,neutral,192,192,1.0,0.7393501805054151,0.6900269541778976,0.7962674961119751,0.7393501805054151,2456.8385416666665,11501,59.901041666666664,1.3402772728072918,1.75517674,44.0,541,2.8177083333333335,0.421555307453125
granite4.2:30b/off,naive,192,182,0.9479166666666666,0.3493975903614458,0.24884488448844885,0.5863141524105754,0.3927083333333333,2309.8958333333335,14933,77.77604166666667,1.4468031959166667,3.233157647,0.0,0,0.0,0.0
granite4.2:30b/off,output_scaffold,192,174,0.90625,0.4546313799621928,0.32654446707399865,0.7480559875583204,0.5688941454760497,2375.8958333333335,109219,568.8489583333334,8.179729670713542,9.889710131,66.0,94286,491.0729166666667,6.732926474796876
granite4.2:30b/off,structured_inventory,192,170,0.8854166666666666,0.2968386023294509,0.18882303132938189,0.6936236391912908,0.3578018451664661,2517.9427083333335,30021,156.359375,2.5619525312031253,3.448894327,208.046875,15088,78.58333333333333,1.1151493352864583
granite4.2:30b/off,schema_enum,192,183,0.953125,0.3305860805860806,0.23426346528228423,0.5614307931570762,0.3661257606490872,2309.8958333333335,15378,80.09375,1.2799917736354167,2.724640643,0.0,445,2.3177083333333335,-0.16681142228125
granite4.2:30b/off,neutral,192,179,0.9322916666666666,0.3087318087318087,0.23185011709601874,0.4618973561430793,0.36553846153846153,2354.8958333333335,20107,104.72395833333333,2.142834392614583,3.193985787,45.0,5174,26.947916666666668,0.6960311966979167
